13.01.2018;27.20;33.91;24.44;32.11;15,809;23,124,200;token;0;
12.01.2018;23.76;27.25;22.85;27.22;8,856;20,193,400;token;0;
11.01.2018;28.92;29.51;23.10;23.53;9,498;24,581,900;token;0;
10.01.2018;26.26;28.97;22.92;28.97;55,187;22,317,300;token;0;
09.01.2018;24.06;26.94;22.08;26.23;29,562;20,454,300;token;0;
08.01.2018;27.38;27.66;21.06;24.13;31,526;23,276,300;token;0;
07.01.2018;30.55;30.76;23.47;27.35;40,257;25,964,700;token;0;
06.01.2018;26.91;30.63;21.53;30.57;20,779;22,869,200;token;0;
05.01.2018;28.53;31.56;26.77;27.72;13,178;24,251,300;token;0;
04.01.2018;29.14;30.92;27.31;28.61;21,840;24,771,300;token;0;
03.01.2018;25.56;31.18;24.14;29.01;13,643;21,722,100;token;0;
02.01.2018;19.10;27.16;19.10;25.61;14,442;16,235,500;token;0;
01.01.2018;22.30;25.33;18.28;19.09;7,588;18,953,800;token;0;
31.12.2017;20.20;24.56;14.07;22.30;4,603;17,172,000;token;0;
30.12.2017;22.13;22.14;17.61;20.38;23,185;18,813,200;token;0;
29.12.2017;17.26;29.20;17.23;22.18;27,451;14,669,400;token;0;
28.12.2017;19.74;22.27;15.45;17.54;28,081;16,781,000;token;0;
27.12.2017;15.25;27.02;15.21;19.78;78,318;12,962,600;token;0;
26.12.2017;13.88;17.08;13.88;15.22;16,370;11,801,300;token;0;
25.12.2017;13.74;16.75;13.33;13.88;26,196;11,677,600;token;0;
24.12.2017;13.64;14.14;12.10;13.66;37,810;11,593,500;token;0;
23.12.2017;9.22;15.66;9.20;13.48;88,596;7,839,620;token;0;
22.12.2017;12.70;13.15;6.40;9.15;73,965;10,790,900;token;0;
21.12.2017;9.62;12.65;8.58;12.65;30,304;8,177,900;token;0;
20.12.2017;6.52;9.65;5.78;9.61;16,499;5,541,830;token;0;
19.12.2017;9.39;11.64;6.53;6.53;48,481;7,982,910;token;0;
18.12.2017;8.91;10.06;8.58;9.41;19,518;7,577,040;token;0;
17.12.2017;10.43;10.74;7.88;8.92;12,760;8,862,930;token;0;
16.12.2017;9.98;11.97;8.87;10.40;11,948;8,482,080;token;0;
15.12.2017;9.41;11.86;7.33;9.96;29,308;8,001,480;token;0;
14.12.2017;11.33;13.20;9.19;9.40;5,966;9,632,920;token;0;
13.12.2017;10.07;11.55;9.37;11.35;8,997;8,556,170;token;0;
12.12.2017;9.61;11.17;9.34;10.05;2,295;8,171,980;token;0;
11.12.2017;9.59;11.15;8.74;9.62;9,631;8,149,870;token;0;
10.12.2017;8.33;10.65;7.14;9.75;5,161;7,079,440;token;0;
09.12.2017;10.64;10.78;8.44;8.85;1,651;9,047,610;token;0;
08.12.2017;10.92;10.99;9.01;10.65;6,103;9,284,710;token;0;
07.12.2017;9.16;10.90;6.50;10.90;13,921;7,785,720;token;0;
06.12.2017;6.15;9.85;6.04;9.19;7,665;5,230,850;token;0;
05.12.2017;8.24;8.27;5.66;6.16;1,310;7,005,240;token;0;
04.12.2017;7.72;9.33;7.69;8.23;9,809;6,559,100;token;0;
03.12.2017;6.80;7.91;6.76;7.70;17,659;5,780,360;token;0;
02.12.2017;7.16;7.79;5.10;6.80;3,790;6,082,150;token;0;
01.12.2017;4.84;7.37;4.66;7.16;23,424;4,111,510;token;0;
30.11.2017;5.27;7.59;4.16;4.85;12,004;4,476,980;token;0;
29.11.2017;5.95;8.69;4.99;5.19;3,829;5,057,900;token;0;
28.11.2017;7.41;7.75;5.95;5.95;6,264;6,295,440;token;0;
27.11.2017;6.57;7.68;6.07;7.40;4,010;5,581,110;token;0;
26.11.2017;7.40;7.59;6.54;6.56;1,962;6,288,690;token;0;
25.11.2017;6.85;7.43;6.72;7.42;184,749;5,826,020;token;0;
24.11.2017;6.95;7.00;6.19;6.86;224,397;5,908,330;token;0;
23.11.2017;7.08;7.30;6.97;6.97;173,455;6,017,930;token;0;
22.11.2017;7.28;7.35;7.00;7.08;192,294;6,189,680;token;0;
21.11.2017;7.58;7.59;7.23;7.27;178,644;6,446,680;token;0;
20.11.2017;7.69;7.71;7.52;7.59;180,110;6,537,560;token;0;
19.11.2017;7.01;7.80;6.99;7.68;174,308;5,958,350;token;0;
18.11.2017;6.52;7.04;6.42;7.02;170,282;5,542,250;token;0;
17.11.2017;6.66;6.70;6.37;6.53;155,607;5,662,120;token;0;
16.11.2017;7.06;10.86;6.35;6.67;203,411;5,997,730;token;0;
15.11.2017;6.11;7.20;6.11;7.04;150,196;5,193,910;token;0;
14.11.2017;5.73;6.17;5.73;6.11;121,060;4,869,790;token;0;
13.11.2017;6.22;6.39;5.60;5.73;103,224;5,289,270;token;0;
12.11.2017;6.26;6.41;5.20;6.22;123,779;5,324,140;token;0;
11.11.2017;8.50;8.68;6.22;6.26;164,016;7,223,650;token;0;
10.11.2017;8.99;9.10;8.41;8.52;134,572;7,637,420;token;0;
09.11.2017;9.20;9.20;8.56;8.97;183,305;7,823,830;token;0;
08.11.2017;7.34;9.32;7.32;9.23;143,018;6,236,880;token;0;
07.11.2017;7.33;7.50;7.26;7.35;85,920;6,227,460;token;0;
06.11.2017;7.10;7.42;7.03;7.33;170,591;6,034,310;token;0;
05.11.2017;7.05;7.14;7.03;7.09;156,300;5,992,970;token;0;
04.11.2017;6.94;7.16;6.81;7.05;170,735;5,897,190;token;0;
03.11.2017;7.30;7.33;6.87;6.94;158,817;6,206,280;token;0;
02.11.2017;7.60;7.65;7.18;7.29;121,337;6,462,540;token;0;
01.11.2017;7.78;7.78;7.52;7.61;159,638;6,610,410;token;0;
31.10.2017;7.87;7.97;7.76;7.79;150,235;6,690,480;token;0;
30.10.2017;8.00;8.02;7.82;7.88;140,672;6,801,310;token;0;
29.10.2017;8.05;8.25;8.02;8.03;159,841;6,839,520;token;0;
28.10.2017;8.38;8.43;8.03;8.05;173,295;7,120,130;token;0;
27.10.2017;8.37;8.47;8.30;8.35;155,682;7,112,990;token;0;
26.10.2017;8.67;8.73;8.30;8.37;166,237;7,371,570;token;0;
25.10.2017;8.82;8.83;8.48;8.68;172,030;7,493,560;token;0;
24.10.2017;8.21;8.94;8.05;8.80;179,061;6,980,410;token;0;
23.10.2017;8.17;8.35;8.03;8.22;173,492;6,942,040;token;0;
22.10.2017;8.11;8.53;7.85;8.17;171,024;6,894,350;token;0;
21.10.2017;8.02;8.27;7.92;8.12;161,951;6,819,970;token;0;
20.10.2017;8.44;8.57;8.01;8.03;192,838;7,174,730;token;0;
19.10.2017;8.63;8.67;8.44;8.44;182,223;7,332,640;token;0;
18.10.2017;8.68;8.68;8.02;8.64;171,832;7,375,160;token;0;
17.10.2017;8.93;8.97;8.67;8.67;133,935;7,586,360;token;0;
16.10.2017;9.12;9.20;8.83;8.92;146,714;7,755,780;token;0;
15.10.2017;8.80;9.13;8.77;9.12;41,638;7,479,780;token;0;
14.10.2017;9.43;9.43;8.61;8.79;55,118;8,013,020;token;0;
13.10.2017;9.44;10.83;8.72;9.41;63,551;8,019,850;token;0;
12.10.2017;9.38;9.79;9.35;9.45;82,502;7,975,760;token;0;
11.10.2017;9.07;9.38;9.05;9.38;74,944;7,710,150;token;0;
10.10.2017;8.78;9.19;8.67;9.07;73,481;7,465,570;token;0;
09.10.2017;9.24;9.36;8.78;8.78;79,078;7,854,510;token;0;
08.10.2017;10.27;10.30;8.98;9.20;92,603;8,727,300;token;0;
07.10.2017;10.55;10.58;10.13;10.28;83,023;8,969,000;token;0;
06.10.2017;10.51;10.77;10.45;10.55;98,346;8,935,030;token;0;
05.10.2017;10.43;10.58;10.26;10.51;85,175;8,869,520;token;0;
04.10.2017;11.26;11.44;10.39;10.43;73,112;9,571,420;token;0;
03.10.2017;11.51;11.81;11.18;11.25;104,739;9,781,140;token;0;
02.10.2017;12.03;12.08;11.47;11.49;102,494;10,223,200;token;0;
01.10.2017;12.27;12.57;11.75;12.03;113,120;10,426,500;token;0;
30.09.2017;12.41;12.53;12.08;12.24;107,969;10,548,200;token;0;
29.09.2017;9.98;12.88;9.60;12.41;138,372;8,481,130;token;0;
28.09.2017;9.45;10.03;9.40;9.98;87,672;8,033,770;token;0;
27.09.2017;8.80;9.48;8.80;9.45;71,779;7,479,360;token;0;
26.09.2017;8.67;8.86;8.62;8.81;78,229;7,370,590;token;0;
25.09.2017;8.44;8.70;8.12;8.67;82,928;7,177,070;token;0;
24.09.2017;8.63;8.72;8.40;8.43;76,422;7,331,960;token;0;
23.09.2017;7.97;8.64;7.90;8.64;61,748;6,777,250;token;0;
22.09.2017;7.92;8.21;7.78;7.98;66,180;6,729,950;token;0;
21.09.2017;8.59;8.64;7.82;7.91;77,198;7,299,760;token;0;
20.09.2017;8.59;8.82;8.45;8.64;79,272;7,297,290;token;0;
19.09.2017;8.84;8.88;8.46;8.58;89,101;7,514,020;token;0;
18.09.2017;8.04;8.96;8.04;8.82;98,686;6,836,560;token;0;
17.09.2017;8.24;8.24;7.81;8.03;87,929;7,003,540;token;0;
16.09.2017;8.05;8.35;7.72;8.26;87,775;6,844,310;token;0;
15.09.2017;7.38;8.17;6.04;8.06;93,803;6,276,900;token;0;
14.09.2017;8.86;9.06;7.33;7.33;60,083;7,535,110;token;0;
13.09.2017;8.22;9.00;8.17;8.86;83,330;6,986,670;token;0;
12.09.2017;9.98;10.45;8.14;8.22;117,627;8,484,500;token;0;
11.09.2017;10.20;10.41;9.93;9.99;95,606;8,672,970;token;0;
10.09.2017;10.33;10.34;9.67;10.22;77,540;8,777,430;token;0;
09.09.2017;10.31;10.49;10.08;10.34;76,573;8,761,060;token;0;
08.09.2017;10.71;11.46;9.63;10.29;95,401;9,102,460;token;0;
07.09.2017;11.94;11.94;8.58;10.71;108,023;10,146,800;token;0;
06.09.2017;11.90;12.75;11.85;11.94;112,339;10,112,800;token;0;
05.09.2017;11.27;12.17;10.38;11.87;116,854;9,579,690;token;0;
04.09.2017;13.71;13.71;9.48;11.23;110,013;11,649,300;token;0;
03.09.2017;13.89;15.18;13.38;13.70;124,198;11,803,100;token;0;
02.09.2017;17.77;17.78;13.54;13.90;153,959;15,103,400;token;0;
01.09.2017;18.02;18.03;17.35;17.76;155,783;15,316,600;token;0;
31.08.2017;17.00;18.92;15.88;18.14;246,416;14,447,000;token;0;
30.08.2017;15.13;17.02;14.94;17.02;185,413;12,858,100;token;0;
29.08.2017;13.10;15.20;12.76;15.14;210,852;11,131,400;token;0;
28.08.2017;12.82;14.37;12.29;13.11;191,166;10,896,900;token;0;
27.08.2017;12.09;12.79;12.07;12.79;128,723;10,280,200;token;0;
26.08.2017;11.87;12.11;11.73;12.10;90,820;10,087,000;token;0;
25.08.2017;11.76;11.97;10.70;11.85;142,904;9,994,070;token;0;
24.08.2017;10.70;11.77;10.66;11.76;131,209;9,096,560;token;0;
23.08.2017;10.36;10.72;10.33;10.67;133,010;8,808,070;token;0;
22.08.2017;10.94;11.52;10.17;10.66;138,113;9,300,060;token;0;
21.08.2017;11.05;11.58;10.84;10.97;144,302;9,390,930;token;0;
20.08.2017;11.33;11.47;10.87;11.03;181,645;9,626,870;token;0;
19.08.2017;11.16;11.68;10.87;11.37;162,674;9,485,790;token;0;
18.08.2017;12.76;12.81;10.70;11.15;194,593;10,844,400;token;0;
17.08.2017;12.03;17.02;11.57;12.79;248,154;10,222,400;token;0;
16.08.2017;9.90;12.06;9.55;12.06;203,360;8,417,310;token;0;
15.08.2017;10.84;10.84;9.72;9.90;169,912;9,211,490;token;0;
14.08.2017;12.17;13.13;10.78;10.80;219,421;10,341,000;token;0;
13.08.2017;13.08;13.36;11.73;12.15;184,973;11,121,700;token;0;
12.08.2017;13.20;14.17;12.30;13.08;197,456;11,219,300;token;0;
11.08.2017;11.60;13.60;10.96;13.23;206,610;9,857,380;token;0;
10.08.2017;13.00;13.44;11.61;11.61;150,326;11,053,000;token;0;
09.08.2017;14.04;14.07;12.62;13.01;136,140;11,933,400;token;0;
08.08.2017;13.55;14.27;13.01;14.03;145,018;11,520,400;token;0;
07.08.2017;13.18;14.98;13.05;13.55;137,101;11,201,000;token;0;
06.08.2017;14.02;14.08;13.15;13.20;133,945;11,921,000;token;0;
05.08.2017;12.97;14.25;12.92;14.00;128,645;11,024,800;token;0;
04.08.2017;13.22;13.39;12.48;12.96;148,776;11,240,900;token;0;
03.08.2017;13.24;13.42;13.12;13.24;122,571;11,255,500;token;0;
02.08.2017;12.28;13.24;11.90;13.22;118,260;10,441,300;token;0;
01.08.2017;12.01;12.38;10.96;12.29;114,874;10,209,700;token;0;
31.07.2017;13.05;14.25;11.91;12.04;140,973;11,090,500;token;0;
30.07.2017;13.91;13.95;12.88;13.02;119,137;11,823,400;token;0;
29.07.2017;11.75;14.54;11.26;13.91;120,699;9,991,500;token;0;
28.07.2017;12.36;12.59;11.66;11.79;128,072;10,505,300;token;0;
27.07.2017;11.22;12.43;11.21;12.34;116,328;9,533,920;token;0;
26.07.2017;11.65;12.11;10.90;11.21;104,553;9,901,600;token;0;
25.07.2017;12.21;12.51;10.68;11.69;127,506;10,378,000;token;0;
24.07.2017;13.01;13.37;12.03;12.20;126,623;11,056,700;token;0;
23.07.2017;15.07;15.25;12.70;13.00;129,755;12,809,000;token;0;
22.07.2017;14.78;15.28;14.30;15.08;155,167;12,562,300;token;0;
21.07.2017;14.33;14.99;13.93;14.78;117,677;12,182,500;token;0;
20.07.2017;12.53;14.37;12.53;14.27;166,062;10,652,100;token;0;
19.07.2017;9.67;13.63;9.59;12.53;182,485;8,216,920;token;0;
18.07.2017;8.88;9.97;7.97;9.61;175,613;7,549,830;token;0;
17.07.2017;7.75;8.88;7.66;8.87;97,250;6,586,480;token;0;
16.07.2017;8.36;8.71;7.39;7.77;98,529;7,105,150;token;0;
15.07.2017;9.12;9.13;8.40;8.40;91,564;7,750,520;token;0;
14.07.2017;9.51;9.59;8.70;9.13;110,862;8,079,670;token;0;
13.07.2017;9.59;9.85;9.17;9.52;149,127;8,153,060;token;0;
12.07.2017;8.57;15.66;8.13;9.55;132,519;7,288,440;token;0;
11.07.2017;11.24;27.36;8.39;8.60;119,465;9,557,290;token;0;
10.07.2017;10.89;14.99;9.84;9.84;210,400;9,254,090;token;0;
09.07.2017;11.72;11.80;10.84;10.88;111,135;9,962,570;token;0;
08.07.2017;11.44;11.70;10.72;11.70;112,157;9,723,130;token;0;
07.07.2017;12.99;13.02;11.35;11.43;124,626;11,041,500;token;0;
06.07.2017;14.09;14.11;12.82;12.99;118,185;11,977,600;token;0;
05.07.2017;13.32;19.48;12.93;14.09;126,901;11,318,300;token;0;
04.07.2017;12.78;13.34;12.72;13.32;100,606;10,861,400;token;0;
03.07.2017;12.53;12.93;12.33;12.80;88,899;10,647,400;token;0;
02.07.2017;11.88;12.69;10.76;12.58;119,110;10,096,300;token;0;
01.07.2017;14.80;14.82;11.55;11.82;113,853;12,576,300;token;0;
30.06.2017;14.71;14.98;13.77;14.79;138,318;12,505,500;token;0;
29.06.2017;13.72;15.40;13.32;14.57;145,483;11,658,200;token;0;
28.06.2017;13.42;14.64;12.79;13.73;127,575;11,410,200;token;0;
27.06.2017;11.35;13.34;10.70;13.34;124,233;9,650,180;token;0;
26.06.2017;11.34;11.79;9.93;10.85;123,480;9,637,190;token;0;
25.06.2017;12.47;13.09;10.93;11.34;154,988;10,600,400;token;0;
24.06.2017;13.79;13.85;12.44;12.53;159,052;11,720,500;token;0;
23.06.2017;14.01;15.38;13.84;13.84;169,868;11,905,000;token;0;
22.06.2017;13.40;14.42;13.29;14.00;144,388;11,393,100;token;0;
21.06.2017;13.85;13.95;12.67;13.33;180,239;11,774,700;token;0;
20.06.2017;14.02;14.02;13.02;13.84;145,296;11,918,600;token;0;
19.06.2017;13.84;14.44;13.22;14.02;137,371;11,767,200;token;0;
18.06.2017;14.80;15.11;13.73;13.85;126,336;12,582,600;token;0;
17.06.2017;14.90;15.50;14.45;14.83;107,697;12,665,400;token;0;
16.06.2017;13.89;14.95;13.28;14.90;146,714;11,803,700;token;0;
15.06.2017;14.09;14.09;10.83;13.90;153,222;11,976,900;token;0;
14.06.2017;13.92;15.85;13.54;14.10;153,863;11,833,000;token;0;
13.06.2017;15.79;16.14;13.13;13.93;206,821;13,423,900;token;0;
12.06.2017;17.18;17.23;11.01;15.88;288,907;14,604,200;token;0;
11.06.2017;16.44;17.34;15.53;17.17;156,633;13,976,300;token;0;
10.06.2017;18.20;18.24;14.78;16.44;209,402;15,466,100;token;0;
09.06.2017;17.66;18.98;17.56;18.19;164,628;15,013,300;token;0;
08.06.2017;18.98;19.02;16.11;17.66;179,682;16,129,700;token;0;
07.06.2017;20.21;21.63;18.81;18.81;175,997;17,180,500;token;0;
06.06.2017;19.06;21.59;17.76;20.23;293,923;16,199,600;token;0;
05.06.2017;13.08;19.02;13.07;19.02;180,122;11,117,900;token;0;
04.06.2017;10.89;13.54;10.79;13.12;160,823;9,254,960;token;0;
03.06.2017;12.74;12.77;10.71;10.92;138,737;10,829,600;token;0;
02.06.2017;13.58;13.58;12.30;12.69;106,673;11,542,500;token;0;
01.06.2017;11.52;14.34;11.52;13.61;158,023;9,789,700;token;0;
31.05.2017;12.28;12.74;11.26;11.52;103,131;10,439,200;token;0;
30.05.2017;11.26;13.80;10.87;12.25;174,840;9,568,870;token;0;
29.05.2017;10.35;14.01;9.84;11.22;158,907;8,793,840;token;0;
28.05.2017;8.13;10.58;7.82;10.36;120,196;6,907,820;token;0;
27.05.2017;8.20;8.52;6.73;8.02;135,761;6,970,130;token;0;
26.05.2017;7.88;9.66;7.50;8.20;94,038;6,698,480;token;0;
25.05.2017;8.37;9.84;7.35;7.92;214,316;7,110,470;token;0;
24.05.2017;7.62;8.40;7.02;8.40;209,716;6,473,240;token;0;
23.05.2017;5.65;8.30;5.45;7.71;97,847;4,803,480;token;0;
22.05.2017;5.01;5.67;4.28;5.67;123,255;4,258,100;token;0;
21.05.2017;3.69;5.04;3.34;4.99;127,895;3,137,810;token;0;
20.05.2017;3.49;3.79;3.47;3.70;92,847;2,967,990;token;0;
19.05.2017;3.35;3.53;3.35;3.50;103,964;2,846,140;token;0;
18.05.2017;4.20;4.37;3.30;3.36;80,229;3,569,620;token;0;
17.05.2017;3.18;4.22;3.14;4.22;60,820;2,701,490;token;0;
16.05.2017;3.29;3.29;2.95;3.18;63,834;2,793,290;token;0;
15.05.2017;3.22;3.32;3.10;3.29;63,181;2,733,050;token;0;
14.05.2017;3.17;3.25;3.09;3.21;51,178;2,691,060;token;0;
13.05.2017;3.78;3.87;2.88;3.18;53,203;3,209,300;token;0;
12.05.2017;3.36;3.99;3.00;3.78;65,036;2,854,650;token;0;
11.05.2017;3.30;3.61;3.29;3.35;77,015;2,802,130;token;0;
10.05.2017;2.93;3.50;2.69;3.32;73,438;2,486,410;token;0;
09.05.2017;2.91;3.16;2.76;2.92;60,663;2,477,270;token;0;
08.05.2017;2.35;2.92;2.34;2.91;73,580;-;token;0;
07.05.2017;2.08;2.71;2.03;2.36;91,054;-;token;0;
06.05.2017;1.68;2.08;1.62;2.08;66,520;-;token;0;
05.05.2017;1.67;1.85;1.63;1.67;58,945;-;token;0;
04.05.2017;1.66;1.68;1.49;1.67;73,305;-;token;0;
03.05.2017;1.97;2.03;1.50;1.66;70,993;-;token;0;
02.05.2017;1.80;2.08;1.71;1.96;59,007;-;token;0;
01.05.2017;2.04;2.07;1.75;1.79;22,682;-;token;0;
30.04.2017;2.04;2.10;2.03;2.04;18,533;-;token;0;
29.04.2017;2.20;2.25;1.99;2.04;13,931;-;token;0;
28.04.2017;2.11;2.21;1.95;2.18;22,628;-;token;0;
27.04.2017;2.03;2.27;2.00;2.11;16,728;-;token;0;
26.04.2017;2.12;2.17;2.00;2.03;11,376;-;token;0;
25.04.2017;1.87;2.15;1.86;2.12;7,053;-;token;0;
24.04.2017;1.95;1.97;1.86;1.87;2,799;-;token;0;
23.04.2017;2.23;2.31;1.94;1.94;6,760;-;token;0;
22.04.2017;2.19;2.26;2.02;2.23;15,106;-;token;0;
21.04.2017;2.20;2.25;2.12;2.19;22,442;-;token;0;
20.04.2017;2.16;2.23;2.16;2.20;23,714;-;token;0;
19.04.2017;1.78;2.20;1.77;2.16;36,662;-;token;0;
18.04.2017;1.88;1.92;1.72;1.77;17,203;-;token;0;
17.04.2017;1.86;2.81;1.79;1.89;25,772;-;token;0;
16.04.2017;1.53;1.86;1.53;1.86;26,447;-;token;0;
15.04.2017;1.53;1.57;1.52;1.54;19,946;-;token;0;
14.04.2017;1.51;1.54;1.49;1.53;23,208;-;token;0;
13.04.2017;1.30;1.52;1.30;1.51;24,168;-;token;0;
12.04.2017;1.19;1.32;1.15;1.30;3,593;-;token;0;
11.04.2017;1.16;1.25;1.16;1.19;878;-;token;0;
10.04.2017;1.32;1.37;1.12;1.16;3,496;-;token;0;
09.04.2017;1.35;1.37;1.32;1.32;1,035;-;token;0;
08.04.2017;1.44;1.48;1.35;1.35;837;-;token;0;
07.04.2017;1.49;1.51;1.44;1.44;2,067;-;token;0;
06.04.2017;1.70;1.70;1.44;1.50;3,328;-;token;0;
05.04.2017;1.55;1.70;1.55;1.70;314;-;token;0;
04.04.2017;1.41;1.56;1.40;1.55;117;-;token;0;
03.04.2017;1.68;1.68;1.38;1.41;331;-;token;0;
02.04.2017;1.59;1.91;1.57;1.68;101;-;token;0;
01.04.2017;1.34;1.61;1.18;1.59;3,878;-;token;0;
31.03.2017;1.30;1.97;1.30;1.34;302;-;token;0;
30.03.2017;1.28;1.31;1.27;1.30;379;-;token;0;
29.03.2017;1.23;1.29;0.822592;1.28;120;-;token;0;
28.03.2017;1.24;1.31;1.20;1.23;191;-;token;0;
27.03.2017;1.18;1.60;1.18;1.23;5;-;token;0;
26.03.2017;1.19;1.22;1.15;1.18;264;-;token;0;
25.03.2017;1.72;1.73;1.17;1.19;94;-;token;0;
24.03.2017;0.610835;1.74;0.596424;1.70;912;-;token;0;
23.03.2017;1.23;1.27;0.609187;0.611007;11;-;token;0;
22.03.2017;1.01;1.23;0.961263;1.23;1;-;token;0;
21.03.2017;1.05;1.07;0.998127;1.01;524;-;token;0;
20.03.2017;2.35;2.44;0.946995;1.05;1,566;-;token;0;
19.03.2017;0.918110;2.46;0.908589;2.34;432;-;token;0;
18.03.2017;1.15;1.15;0.693914;0.886844;713;-;token;0;
17.03.2017;2.47;2.58;0.659054;1.15;2,654;-;token;0;
16.03.2017;1.30;2.54;1.01;2.50;2,256;-;token;0;
15.03.2017;1.51;1.53;1.15;1.28;33;-;token;0;
14.03.2017;1.10;1.52;0.995573;1.51;1;-;token;0;
13.03.2017;0.972478;1.70;0.972478;1.10;594;-;token;0;
12.03.2017;0.933665;1.60;0.912386;0.970643;2,963;-;token;0;
11.03.2017;0.871857;0.937615;0.855315;0.933801;397;-;token;0;
10.03.2017;1.54;1.61;0.862308;0.869954;388;-;token;0;
09.03.2017;1.15;1.58;0.860722;1.54;3,638;-;token;0;
08.03.2017;1.36;1.37;1.15;1.15;1;-;token;0;
07.03.2017;1.35;1.39;1.32;1.36;47;-;token;0;
06.03.2017;1.28;1.37;1.09;1.35;1,793;-;token;0;
05.03.2017;1.40;1.41;1.26;1.28;69;-;token;0;
04.03.2017;1.42;1.43;1.13;1.40;8;-;token;0;
03.03.2017;1.28;1.42;1.23;1.42;1;-;token;0;
02.03.2017;1.28;1.41;1.23;1.28;2,933;-;token;0;
01.03.2017;1.43;1.43;0.132251;1.28;1;-;token;0;
28.02.2017;0.314515;1.45;0.014239;1.42;0;-;token;0;
27.02.2017;1.32;1.46;0.129833;0.313451;1,087;-;token;0;
26.02.2017;1.23;1.32;1.22;1.32;99;-;token;0;
25.02.2017;1.50;1.50;1.19;1.23;115;-;token;0;
24.02.2017;1.79;1.79;1.13;1.50;295;-;token;0;
23.02.2017;1.32;1.79;1.01;1.78;1,313;-;token;0;
22.02.2017;1.30;1.33;1.23;1.32;133;-;token;0;
21.02.2017;1.30;1.32;1.26;1.30;1,542;-;token;0;
20.02.2017;1.27;2.11;1.21;1.30;1,032;-;token;0;
19.02.2017;1.40;1.40;1.25;1.26;106;-;token;0;
18.02.2017;1.57;1.59;1.27;1.40;3,634;-;token;0;
17.02.2017;1.28;1.61;1.27;1.56;177;-;token;0;
16.02.2017;1.40;1.55;1.13;1.28;332;-;token;0;
15.02.2017;1.47;1.62;1.39;1.40;2,837;-;token;0;
14.02.2017;1.01;1.48;0.997835;1.47;1,315;-;token;0;
13.02.2017;1.57;1.64;1.48;1.64;297;-;token;0;
12.02.2017;1.34;1.62;1.23;1.57;626;-;token;0;
11.02.2017;1.39;1.41;0.676999;1.34;1,014;-;token;0;
10.02.2017;1.72;1.86;1.35;1.39;312;-;token;0;
09.02.2017;1.67;1.71;1.34;1.71;11;-;token;0;
08.02.2017;1.58;1.71;1.16;1.67;1,955;-;token;0;
07.02.2017;2.08;2.11;1.50;1.57;2,446;-;token;0;
06.02.2017;2.13;2.15;1.60;2.08;863;-;token;0;
05.02.2017;2.18;2.24;1.09;2.13;265;-;token;0;
04.02.2017;1.66;2.18;1.63;2.18;0;-;token;0;
03.02.2017;1.73;1.74;0.008607;1.66;98;-;token;0;
02.02.2017;1.58;2.15;1.20;1.73;16,988;-;token;0;
01.02.2017;1.65;1.66;1.55;1.58;7;-;token;0;
31.01.2017;1.68;1.69;1.55;1.65;551;-;token;0;
30.01.2017;1.69;1.90;1.68;1.68;1;-;token;0;
29.01.2017;1.51;1.92;1.51;1.69;1;-;token;0;
28.01.2017;1.08;1.59;0.460522;1.51;126;-;token;0;
27.01.2017;1.73;1.81;1.08;1.08;87;-;token;0;
26.01.2017;1.63;1.84;1.48;1.73;2,443;-;token;0;
25.01.2017;1.65;2.15;1.62;1.63;1,912;-;token;0;
24.01.2017;2.04;2.04;1.43;1.65;5,252;-;token;0;
23.01.2017;2.02;2.06;1.18;2.06;6,138;-;token;0;
22.01.2017;1.38;2.32;1.37;2.02;1,912;-;token;0;
21.01.2017;1.33;1.44;1.24;1.38;3,804;-;token;0;
20.01.2017;1.65;1.72;0.198464;1.33;2,956;-;token;0;
19.01.2017;1.61;1.66;1.28;1.65;1,395;-;token;0;
18.01.2017;1.60;1.63;1.24;1.61;764;-;token;0;
17.01.2017;1.38;2.03;1.27;1.60;105;-;token;0;
16.01.2017;1.04;1.39;1.02;1.38;4,066;-;token;0;
15.01.2017;0.982920;0.993273;0.959741;0.990712;403;-;token;0;
14.01.2017;1.01;1.01;0.944398;0.964666;591;-;token;0;
13.01.2017;1.00;1.01;0.960952;1.01;123;-;token;0;
12.01.2017;1.78;1.78;0.999895;1.01;103;-;token;0;
11.01.2017;1.48;1.96;1.48;1.78;114;-;token;0;
10.01.2017;1.28;1.50;1.18;1.48;32;-;token;0;
09.01.2017;1.20;1.64;1.16;1.27;79;-;token;0;
08.01.2017;0.789806;1.32;0.786312;1.20;12;-;token;0;
07.01.2017;1.59;1.59;0.784126;0.789375;630;-;token;0;
06.01.2017;1.57;1.66;1.50;1.59;4;-;token;0;
05.01.2017;1.70;1.78;1.41;1.57;43;-;token;0;
04.01.2017;1.68;1.70;1.37;1.69;1,652;-;token;0;
03.01.2017;1.27;1.72;1.26;1.68;492;-;token;0;
02.01.2017;1.42;1.42;1.05;1.27;1,199;-;token;0;
01.01.2017;1.40;1.48;1.31;1.42;314;-;token;0;
31.12.2016;1.43;1.48;1.39;1.40;114;-;token;0;
30.12.2016;1.08;1.10;1.07;1.09;858;-;token;0;
29.12.2016;1.36;1.47;1.04;1.08;2,405;-;token;0;
28.12.2016;1.28;1.37;1.27;1.35;101;-;token;0;
27.12.2016;1.15;1.35;1.10;1.28;188;-;token;0;
26.12.2016;1.35;1.37;1.15;1.15;207;-;token;0;
25.12.2016;0.944662;1.37;0.943515;1.36;1,914;-;token;0;
24.12.2016;1.14;1.18;0.936247;0.944781;1,164;-;token;0;
23.12.2016;1.20;1.22;1.14;1.14;6;-;token;0;
22.12.2016;1.18;1.25;1.14;1.21;1;-;token;0;
21.12.2016;0.996276;1.25;0.996276;1.18;88;-;token;0;
20.12.2016;1.00;1.28;0.984308;0.995805;2,203;-;token;0;
19.12.2016;1.03;1.25;0.998900;1.00;184;-;token;0;
18.12.2016;1.26;15.86;1.01;1.03;74;-;token;0;
17.12.2016;1.25;1.26;1.20;1.26;102;-;token;0;
16.12.2016;1.04;1.25;1.03;1.25;8;-;token;0;
15.12.2016;1.31;1.31;1.02;1.03;278;-;token;0;
14.12.2016;1.34;1.35;1.31;1.31;49;-;token;0;
13.12.2016;1.08;1.75;1.05;1.34;42;-;token;0;
12.12.2016;1.02;2.93;1.02;1.08;345;-;token;0;
11.12.2016;1.02;1.03;1.02;1.02;2,690;-;token;0;
10.12.2016;1.34;1.36;1.31;1.31;0;-;token;0;
09.12.2016;1.11;1.38;1.05;1.34;1,184;-;token;0;
08.12.2016;1.24;2.63;1.11;1.11;349;-;token;0;
07.12.2016;0.949757;2.44;0.916128;1.24;186;-;token;0;
06.12.2016;0.850575;0.882396;0.808084;0.831639;52;-;token;0;
05.12.2016;0.932191;1.29;0.831937;0.852708;54;-;token;0;
04.12.2016;0.994251;0.994251;0.113959;0.936228;188;-;token;0;
03.12.2016;0.978558;1.02;0.958538;0.996505;134;-;token;0;
02.12.2016;0.958598;0.977755;0.952123;0.977755;78;-;token;0;
30.11.2016;1.30;1.39;1.30;1.36;0;-;token;0;
29.11.2016;2.62;2.80;1.27;1.30;357;-;token;0;
28.11.2016;1.35;2.62;1.14;2.62;66;-;token;0;
27.11.2016;1.40;1.40;1.14;1.35;339;-;token;0;
26.11.2016;1.42;1.42;1.40;1.40;29;-;token;0;
25.11.2016;1.21;1.22;1.21;1.22;112;-;token;0;
24.11.2016;1.30;1.32;1.17;1.21;111;-;token;0;
23.11.2016;1.49;1.49;1.27;1.30;462;-;token;0;
22.11.2016;1.25;1.53;1.25;1.48;2;-;token;0;
21.11.2016;1.25;1.26;1.24;1.25;1,594;-;token;0;
20.11.2016;1.49;1.50;1.25;1.25;22;-;token;0;
19.11.2016;1.38;1.50;1.25;1.49;694;-;token;0;
18.11.2016;1.47;1.47;1.38;1.38;245;-;token;0;
17.11.2016;1.57;2.03;1.46;1.47;1,059;-;token;0;
16.11.2016;1.53;1.62;1.19;1.57;823;-;token;0;
15.11.2016;1.46;1.54;1.46;1.53;1,089;-;token;0;
13.11.2016;1.40;1.52;1.40;1.44;161;-;token;0;
12.11.2016;1.65;1.65;1.38;1.40;30;-;token;0;
11.11.2016;1.49;1.69;1.47;1.65;1;-;token;0;
10.11.2016;1.60;1.72;1.48;1.49;186;-;token;0;
09.11.2016;1.52;1.71;1.43;1.60;3,001;-;token;0;
08.11.2016;1.52;1.66;1.51;1.52;8,806;-;token;0;
07.11.2016;1.73;1.75;1.51;1.51;1,127;-;token;0;
05.11.2016;5.68;110.89;1.64;110.69;9,455;4,828,460;token;0;
04.11.2016;2.04;5.69;1.84;5.68;520;1,737,830;token;0;
03.11.2016;1.82;2.10;1.78;2.04;86;1,551,090;token;0;
02.11.2016;1.94;5.58;1.68;1.82;7,635;1,648,250;token;0;
01.11.2016;2.08;2.09;1.57;1.94;2,991;1,768,760;token;0;
31.10.2016;1.74;11.32;1.72;2.09;1,912;1,479,500;token;0;
30.10.2016;1.72;2.10;1.70;1.73;836;1,462,550;token;0;
29.10.2016;1.78;1.86;1.49;1.72;1,095;1,509,640;token;0;
28.10.2016;1.43;2.07;1.43;1.77;247;1,219,310;token;0;
27.10.2016;4.04;11.58;1.42;1.44;1,661;3,430,530;token;0;
26.10.2016;2.73;4.05;1.65;4.04;787;2,321,390;token;0;
25.10.2016;2.39;2.80;2.07;2.74;2,475;2,034,490;token;0;
24.10.2016;1.93;2.75;1.79;2.39;1,400;1,637,060;token;0;
23.10.2016;2.77;4.85;1.79;1.93;5,753;2,350,870;token;0;
22.10.2016;1.90;2.77;1.87;2.75;20,602;1,615,120;token;0;
21.10.2016;1.99;1.99;1.86;1.90;332;1,690,880;token;0;
20.10.2016;2.01;2.19;1.40;1.98;2,354;1,709,970;token;0;
19.10.2016;2.27;2.27;1.64;2.01;4,671;1,926,670;token;0;
18.10.2016;1.76;2.28;1.52;2.27;8,342;1,495,460;token;0;
15.10.2016;1.72;1.72;1.72;1.72;60;1,460,860;token;0;
14.10.2016;1.73;1.74;1.71;1.72;60;1,466,960;token;0;
13.10.2016;1.58;1.61;1.57;1.57;235;1,346,330;token;0;
12.10.2016;1.71;1.75;1.56;1.59;307;1,452,450;token;0;
11.10.2016;1.47;1.77;1.47;1.71;2,839;1,249,760;token;0;
10.10.2016;1.33;8.28;0.828226;1.47;2,454;1,127,680;token;0;
09.10.2016;1.61;1.75;1.32;1.33;2,269;1,370,590;token;0;
08.10.2016;1.83;1.83;1.60;1.61;2,689;1,551,300;token;0;
07.10.2016;1.93;1.93;1.66;1.82;3,485;1,636,390;token;0;
06.10.2016;1.95;1.97;1.69;1.93;280;1,660,860;token;0;
05.10.2016;2.02;2.05;1.94;1.96;891;1,716,220;token;0;
04.10.2016;2.13;2.13;1.73;2.02;1,055;1,806,400;token;0;
03.10.2016;1.77;2.16;1.58;2.13;1,141;1,503,820;token;0;
02.10.2016;1.79;2.17;1.72;1.77;2,011;1,523,740;token;0;
01.10.2016;2.37;13.18;1.78;1.79;739;2,018,180;token;0;
30.09.2016;10.46;15.69;1.85;2.00;7,252;8,891,680;token;0;
29.09.2016;2.23;10.51;1.95;10.46;1,149;1,895,920;token;0;
28.09.2016;2.36;2.36;1.99;2.23;5,594;2,005,430;token;0;
27.09.2016;2.46;2.50;2.24;2.36;6,013;2,088,450;token;0;
26.09.2016;2.52;2.52;2.43;2.45;735;2,138,080;token;0;
25.09.2016;2.76;2.82;1.88;2.50;18,408;2,348,800;token;0;
24.09.2016;1.94;2.77;1.93;2.77;231;1,651,180;token;0;
23.09.2016;2.99;3.04;2.96;3.03;152;2,537,260;token;0;
22.09.2016;3.10;3.10;1.99;2.99;1,595;2,636,660;token;0;
21.09.2016;2.61;3.41;2.42;3.13;2,802;2,215,780;token;0;
20.09.2016;3.22;3.34;2.49;2.61;1,361;2,740,230;token;0;
19.09.2016;2.98;3.12;2.98;3.09;309;2,535,890;token;0;
18.09.2016;3.08;3.12;2.84;2.98;1,015;2,620,380;token;0;
17.09.2016;3.09;3.10;3.08;3.09;3,952;-;token;0;
