13.01.2018;18.62;20.35;18.53;19.96;29,031,000;1,838,120,000;coin;1;
12.01.2018;16.18;20.00;15.58;18.69;39,309,600;1,596,910,000;coin;1;
11.01.2018;19.26;19.40;14.82;16.09;41,010,200;1,901,060,000;coin;1;
10.01.2018;19.35;19.63;17.18;19.24;38,332,900;1,909,330,000;coin;1;
09.01.2018;21.94;21.94;18.84;19.53;66,024,900;2,164,950,000;coin;1;
08.01.2018;17.03;22.66;17.03;21.75;167,018,000;1,680,520,000;coin;1;
07.01.2018;16.07;17.86;15.91;17.05;39,299,000;1,586,140,000;coin;1;
06.01.2018;15.10;16.82;14.82;16.19;40,643,800;1,490,410,000;coin;1;
05.01.2018;16.00;16.20;14.41;15.19;58,967,300;1,578,710,000;coin;1;
04.01.2018;16.84;17.24;15.15;16.06;58,863,100;1,662,060,000;coin;1;
03.01.2018;16.09;17.25;14.70;16.96;50,176,600;1,587,680,000;coin;1;
02.01.2018;15.84;16.61;14.39;16.08;63,791,100;1,562,840,000;coin;1;
01.01.2018;14.07;16.73;13.48;15.70;75,643,600;1,388,100,000;coin;1;
31.12.2017;12.86;14.32;12.65;14.03;27,243,700;1,269,020,000;coin;1;
30.12.2017;15.13;15.13;12.05;13.00;33,165,200;1,493,000,000;coin;1;
29.12.2017;14.44;15.89;13.99;15.15;45,160,700;1,425,150,000;coin;1;
28.12.2017;13.78;14.65;11.45;14.22;61,972,200;1,360,020,000;coin;1;
27.12.2017;14.98;14.98;13.23;13.84;47,212,900;1,477,840,000;coin;1;
26.12.2017;15.15;16.12;13.67;14.92;87,781,700;1,494,590,000;coin;1;
25.12.2017;14.39;16.54;13.00;15.30;79,274,800;1,420,150,000;coin;1;
24.12.2017;13.49;15.54;12.25;14.29;98,855,000;1,331,470,000;coin;1;
23.12.2017;10.02;16.04;9.71;13.24;111,333,000;988,665,000;coin;1;
22.12.2017;12.91;13.16;7.61;9.92;57,832,900;1,274,250,000;coin;1;
21.12.2017;11.22;14.27;11.17;12.93;120,408,000;1,107,160,000;coin;1;
20.12.2017;11.97;12.03;10.23;11.19;52,126,800;1,181,220,000;coin;1;
19.12.2017;12.76;13.32;11.46;11.99;74,910,100;1,259,130,000;coin;1;
18.12.2017;11.26;14.00;10.80;12.67;139,841,000;1,110,720,000;coin;1;
17.12.2017;10.58;11.76;10.45;11.26;58,303,400;1,044,250,000;coin;1;
16.12.2017;9.85;10.87;9.68;10.81;40,692,300;972,032,000;coin;1;
15.12.2017;9.81;9.95;8.79;9.89;37,830,600;968,078,000;coin;1;
14.12.2017;9.45;10.04;9.14;9.78;38,710,200;932,217,000;coin;1;
13.12.2017;10.13;10.25;9.16;9.54;35,347,700;999,159,000;coin;1;
12.12.2017;10.77;10.95;9.71;10.16;57,930,500;1,062,330,000;coin;1;
11.12.2017;9.21;11.41;8.86;10.73;67,994,100;908,593,000;coin;1;
10.12.2017;9.23;9.82;7.02;9.20;49,244,800;910,546,000;coin;1;
09.12.2017;9.00;10.26;8.06;9.16;40,892,300;887,916,000;coin;1;
08.12.2017;8.80;10.00;7.57;9.02;67,156,200;867,847,000;coin;1;
07.12.2017;7.57;10.88;6.90;8.84;165,329,000;746,695,000;coin;1;
06.12.2017;7.40;8.02;6.74;7.56;47,240,700;729,668,000;coin;1;
05.12.2017;7.55;7.95;7.23;7.46;41,472,400;744,784,000;coin;1;
04.12.2017;6.15;7.49;6.10;7.48;30,999,400;606,793,000;coin;1;
03.12.2017;5.92;6.52;5.69;6.12;18,408,000;583,559,000;coin;1;
02.12.2017;5.70;6.02;5.61;5.91;14,753,200;562,162,000;coin;1;
01.12.2017;5.32;5.72;5.06;5.65;14,799,500;524,709,000;coin;1;
30.11.2017;4.86;5.76;4.60;5.36;22,486,300;479,208,000;coin;1;
29.11.2017;6.50;6.72;4.64;4.82;42,428,800;641,537,000;coin;1;
28.11.2017;5.36;6.47;5.07;6.47;41,317,100;528,620,000;coin;1;
27.11.2017;4.56;5.39;4.46;5.38;21,900,500;449,765,000;coin;1;
26.11.2017;4.82;4.83;4.47;4.56;16,465,900;475,322,000;coin;1;
25.11.2017;4.25;4.91;4.24;4.79;21,031,200;419,190,000;coin;1;
24.11.2017;3.99;4.27;3.83;4.25;12,298,500;393,780,000;coin;1;
23.11.2017;3.73;4.27;3.73;4.00;18,217,100;367,876,000;coin;1;
22.11.2017;3.48;3.75;3.46;3.73;8,231,210;343,618,000;coin;1;
21.11.2017;3.49;3.88;3.27;3.46;10,210,100;344,218,000;coin;1;
20.11.2017;3.45;3.54;3.42;3.48;6,356,620;340,139,000;coin;1;
19.11.2017;3.50;3.71;3.40;3.46;9,062,750;344,757,000;coin;1;
18.11.2017;3.37;3.53;3.29;3.50;6,673,990;332,566,000;coin;1;
17.11.2017;3.30;3.57;3.22;3.36;7,115,310;325,909,000;coin;1;
16.11.2017;3.74;3.75;3.27;3.31;9,418,140;369,318,000;coin;1;
15.11.2017;3.60;3.83;3.49;3.73;11,132,600;354,607,000;coin;1;
14.11.2017;3.24;3.71;3.24;3.61;11,279,900;319,047,000;coin;1;
13.11.2017;2.87;3.27;2.86;3.22;6,844,240;282,633,000;coin;1;
12.11.2017;3.30;3.30;2.72;2.88;7,494,210;325,278,000;coin;1;
11.11.2017;3.17;3.37;3.01;3.30;6,948,770;312,651,000;coin;1;
10.11.2017;3.75;3.84;3.00;3.20;9,130,380;370,129,000;coin;1;
09.11.2017;3.54;3.90;3.53;3.75;11,101,300;348,838,000;coin;1;
08.11.2017;3.01;3.76;2.91;3.53;16,903,800;297,266,000;coin;1;
07.11.2017;3.01;3.05;2.93;3.02;4,708,950;296,727,000;coin;1;
06.11.2017;3.04;3.14;2.97;3.01;7,091,170;300,055,000;coin;1;
05.11.2017;3.00;3.15;2.89;3.04;6,526,060;295,342,000;coin;1;
04.11.2017;3.12;3.26;2.94;2.99;7,783,710;307,484,000;coin;1;
03.11.2017;2.84;3.29;2.70;3.13;10,273,500;279,668,000;coin;1;
02.11.2017;3.04;3.16;2.41;2.88;21,011,000;299,839,000;coin;1;
01.11.2017;3.36;3.40;3.04;3.08;9,835,120;331,704,000;coin;1;
31.10.2017;3.79;3.79;3.31;3.36;13,957,800;373,355,000;coin;1;
30.10.2017;4.08;4.53;3.76;3.82;13,256,800;402,732,000;coin;1;
29.10.2017;4.26;4.51;4.03;4.04;13,787,600;420,386,000;coin;1;
28.10.2017;4.39;4.61;4.21;4.29;9,976,150;432,962,000;coin;1;
27.10.2017;4.43;4.76;4.19;4.40;14,107,600;436,841,000;coin;1;
26.10.2017;4.96;5.04;3.98;4.39;30,372,000;488,616,000;coin;1;
25.10.2017;4.04;5.04;3.81;4.92;27,633,500;398,709,000;coin;1;
24.10.2017;3.35;4.03;3.23;4.00;17,175,100;330,667,000;coin;1;
23.10.2017;3.15;3.76;3.08;3.38;21,784,500;310,956,000;coin;1;
22.10.2017;3.04;3.39;2.87;3.15;9,563,480;299,843,000;coin;1;
21.10.2017;2.99;3.18;2.67;3.02;6,529,230;294,448,000;coin;1;
20.10.2017;3.09;3.29;2.94;2.96;7,724,320;304,362,000;coin;1;
19.10.2017;3.22;3.34;3.04;3.09;7,054,550;317,024,000;coin;1;
18.10.2017;3.06;3.36;2.90;3.22;14,079,200;301,767,000;coin;1;
17.10.2017;2.98;3.07;2.87;3.06;6,242,700;293,352,000;coin;1;
16.10.2017;3.01;3.09;2.80;2.98;6,688,310;296,889,000;coin;1;
15.10.2017;2.86;3.06;2.76;3.01;6,180,240;282,387,000;coin;1;
14.10.2017;3.14;3.14;2.70;2.85;7,843,710;309,165,000;coin;1;
13.10.2017;3.13;3.34;3.00;3.14;8,455,320;308,920,000;coin;1;
12.10.2017;3.52;3.52;3.12;3.12;8,527,240;346,797,000;coin;1;
11.10.2017;3.41;3.59;3.40;3.51;4,683,540;335,756,000;coin;1;
10.10.2017;3.36;3.57;3.32;3.40;4,880,590;331,471,000;coin;1;
09.10.2017;3.53;3.71;3.15;3.35;7,796,190;347,588,000;coin;1;
08.10.2017;3.90;4.14;3.45;3.51;9,186,260;384,053,000;coin;1;
07.10.2017;3.69;4.02;3.54;3.92;7,693,060;363,891,000;coin;1;
06.10.2017;3.55;3.86;3.55;3.69;3,894,190;350,388,000;coin;1;
05.10.2017;3.64;3.69;3.44;3.56;3,814,770;359,209,000;coin;1;
04.10.2017;3.80;3.98;3.52;3.64;7,099,310;374,747,000;coin;1;
03.10.2017;3.91;4.01;3.38;3.81;13,060,300;385,143,000;coin;1;
02.10.2017;4.12;4.32;3.80;3.91;8,607,690;406,341,000;coin;1;
01.10.2017;4.47;4.52;4.09;4.13;7,993,490;440,100,000;coin;1;
30.09.2017;4.47;4.62;4.40;4.44;6,061,940;440,203,000;coin;1;
29.09.2017;4.78;4.88;4.39;4.47;7,038,430;471,559,000;coin;1;
28.09.2017;4.77;5.04;4.69;4.79;7,847,200;469,867,000;coin;1;
27.09.2017;4.40;4.84;4.36;4.77;7,465,230;433,440,000;coin;1;
26.09.2017;4.23;4.56;4.12;4.39;6,399,530;416,859,000;coin;1;
25.09.2017;3.98;4.29;3.96;4.25;4,692,290;392,654,000;coin;1;
24.09.2017;4.19;4.22;3.95;3.97;2,751,840;412,920,000;coin;1;
23.09.2017;3.94;4.32;3.88;4.23;3,462,380;388,161,000;coin;1;
22.09.2017;4.03;4.25;3.79;3.93;4,174,410;397,230,000;coin;1;
21.09.2017;4.73;4.78;3.91;4.03;6,825,670;466,613,000;coin;1;
20.09.2017;4.84;5.42;4.68;4.75;8,585,630;476,755,000;coin;1;
19.09.2017;5.35;5.37;4.80;4.85;8,821,170;527,507,000;coin;1;
18.09.2017;4.46;5.63;4.45;5.37;12,693,200;439,359,000;coin;1;
17.09.2017;4.39;4.66;4.05;4.44;3,432,560;432,583,000;coin;1;
16.09.2017;4.61;4.81;4.17;4.39;4,687,280;454,539,000;coin;1;
15.09.2017;3.80;4.67;3.04;4.62;8,004,530;374,266,000;coin;1;
14.09.2017;5.01;5.08;3.75;3.78;6,121,560;494,028,000;coin;1;
13.09.2017;5.51;5.53;4.56;5.01;6,572,450;543,119,000;coin;1;
12.09.2017;5.62;5.88;5.31;5.53;8,270,520;553,334,000;coin;1;
11.09.2017;5.86;6.09;5.52;5.60;5,037,870;577,080,000;coin;1;
10.09.2017;5.73;6.04;5.35;5.86;8,637,120;564,937,000;coin;1;
09.09.2017;5.72;5.79;5.50;5.76;3,496,720;563,845,000;coin;1;
08.09.2017;6.16;6.41;5.37;5.71;8,651,120;607,162,000;coin;1;
07.09.2017;6.20;6.25;5.86;6.17;6,362,780;611,117,000;coin;1;
06.09.2017;6.07;6.57;5.98;6.22;5,768,010;597,983,000;coin;1;
05.09.2017;5.79;6.23;5.11;6.03;8,514,110;570,643,000;coin;1;
04.09.2017;6.61;6.74;5.35;5.77;14,669,700;651,334,000;coin;1;
03.09.2017;6.36;6.59;5.99;6.59;8,487,740;626,826,000;coin;1;
02.09.2017;7.27;7.27;6.18;6.34;11,500,400;716,038,000;coin;1;
01.09.2017;7.28;7.78;6.97;7.25;22,610,800;717,199,000;coin;1;
31.08.2017;7.27;7.63;7.11;7.28;15,100,200;716,572,000;coin;1;
30.08.2017;6.84;7.35;6.72;7.33;12,604,000;674,382,000;coin;1;
29.08.2017;7.27;7.29;6.49;6.96;18,303,600;715,769,000;coin;1;
28.08.2017;6.93;7.58;6.62;7.24;19,477,300;683,032,000;coin;1;
27.08.2017;6.30;7.63;6.29;6.97;24,137,600;620,679,000;coin;1;
26.08.2017;6.04;6.40;5.89;6.30;13,291,900;594,785,000;coin;1;
25.08.2017;6.03;6.16;5.79;6.06;13,223,700;593,706,000;coin;1;
24.08.2017;5.93;6.41;5.90;6.00;14,075,900;583,904,000;coin;1;
23.08.2017;5.67;6.93;5.55;5.88;35,363,700;558,913,000;coin;1;
22.08.2017;5.42;5.68;4.79;5.68;11,947,300;533,582,000;coin;1;
21.08.2017;5.72;5.78;5.27;5.47;14,688,000;563,415,000;coin;1;
20.08.2017;5.66;5.96;5.43;5.73;13,936,500;557,626,000;coin;1;
19.08.2017;5.61;5.67;4.87;5.66;17,616,500;552,835,000;coin;1;
18.08.2017;6.12;6.19;5.36;5.62;15,643,400;602,570,000;coin;1;
17.08.2017;6.10;6.52;5.83;6.15;18,775,000;600,694,000;coin;1;
16.08.2017;6.13;6.62;5.97;6.05;19,390,300;603,644,000;coin;1;
15.08.2017;6.06;7.05;5.64;6.09;29,168,700;596,646,000;coin;1;
14.08.2017;6.53;6.81;5.47;6.05;25,360,200;643,558,000;coin;1;
13.08.2017;6.73;7.38;6.21;6.52;24,769,900;662,468,000;coin;1;
12.08.2017;7.61;7.83;6.49;6.79;25,362,400;750,072,000;coin;1;
11.08.2017;8.07;8.25;7.45;7.58;24,356,200;794,844,000;coin;1;
10.08.2017;7.49;8.87;7.20;7.91;39,078,900;737,685,000;coin;1;
09.08.2017;7.84;7.93;7.33;7.53;15,452,600;771,777,000;coin;1;
08.08.2017;7.63;8.34;7.45;7.87;21,843,100;751,997,000;coin;1;
07.08.2017;6.75;7.71;6.56;7.62;19,820,000;664,642,000;coin;1;
06.08.2017;7.13;7.42;6.68;6.72;12,383,900;701,954,000;coin;1;
05.08.2017;6.60;7.49;6.58;7.12;22,170,600;650,402,000;coin;1;
04.08.2017;6.04;6.62;5.86;6.61;13,083,500;595,242,000;coin;1;
03.08.2017;5.61;6.08;5.53;6.04;9,794,660;552,183,000;coin;1;
02.08.2017;5.91;6.00;5.40;5.57;9,212,420;582,364,000;coin;1;
01.08.2017;5.02;5.98;4.94;5.92;12,038,300;494,159,000;coin;1;
31.07.2017;4.84;5.13;4.66;5.00;8,754,770;476,325,000;coin;1;
30.07.2017;5.20;5.20;4.75;4.85;8,457,590;511,780,000;coin;1;
29.07.2017;4.59;5.22;4.40;5.22;11,185,800;451,636,000;coin;1;
28.07.2017;5.00;5.04;4.33;4.61;15,690,500;491,910,000;coin;1;
27.07.2017;5.11;5.34;4.74;4.97;10,071,100;503,595,000;coin;1;
26.07.2017;4.83;5.37;4.57;5.06;12,565,800;475,864,000;coin;1;
25.07.2017;5.76;5.92;4.31;4.82;20,657,700;567,608,000;coin;1;
24.07.2017;6.16;6.35;5.65;5.77;10,593,700;607,093,000;coin;1;
23.07.2017;6.80;6.96;5.94;6.17;12,522,100;669,425,000;coin;1;
22.07.2017;6.28;7.15;6.25;6.78;20,602,100;618,085,000;coin;1;
21.07.2017;5.39;6.27;5.22;6.22;18,578,500;530,496,000;coin;1;
20.07.2017;3.87;5.38;3.87;5.38;11,643,300;380,850,000;coin;1;
19.07.2017;4.22;4.63;3.82;3.85;8,872,790;415,559,000;coin;1;
18.07.2017;3.90;4.80;3.59;4.18;15,771,000;383,676,000;coin;1;
17.07.2017;2.87;3.90;2.86;3.88;8,947,560;282,410,000;coin;1;
16.07.2017;3.15;3.26;2.50;2.88;5,474,900;310,564,000;coin;1;
15.07.2017;3.29;3.29;2.87;3.19;5,250,730;324,366,000;coin;1;
14.07.2017;3.66;3.66;2.99;3.29;9,898,950;360,072,000;coin;1;
13.07.2017;4.35;4.37;3.42;3.68;13,810,600;428,182,000;coin;1;
12.07.2017;2.97;4.35;2.66;4.35;18,375,700;292,008,000;coin;1;
11.07.2017;3.06;3.53;2.34;2.98;23,622,700;301,381,000;coin;1;
10.07.2017;4.24;4.32;2.67;3.04;19,098,300;417,352,000;coin;1;
09.07.2017;4.97;5.19;4.28;4.28;4,576,640;489,388,000;coin;1;
08.07.2017;4.93;4.95;4.32;4.95;9,638,480;485,542,000;coin;1;
07.07.2017;6.21;6.25;4.82;4.92;9,364,820;611,878,000;coin;1;
06.07.2017;5.99;6.29;5.84;6.22;7,169,490;589,414,000;coin;1;
05.07.2017;6.31;6.32;5.83;5.99;5,158,460;621,293,000;coin;1;
04.07.2017;5.97;6.54;5.94;6.32;6,141,920;587,765,000;coin;1;
03.07.2017;5.82;6.05;5.63;5.95;5,280,130;573,245,000;coin;1;
02.07.2017;5.59;6.04;5.28;5.88;5,537,910;550,593,000;coin;1;
01.07.2017;6.29;6.40;5.54;5.55;4,750,540;618,999,000;coin;1;
30.06.2017;6.58;6.78;6.22;6.30;4,946,910;648,016,000;coin;1;
29.06.2017;6.97;7.02;6.17;6.59;6,378,180;685,773,000;coin;1;
28.06.2017;6.71;7.26;6.22;6.97;6,790,860;660,817,000;coin;1;
27.06.2017;6.62;6.85;5.40;6.68;8,249,570;651,371,000;coin;1;
26.06.2017;7.10;7.23;5.32;6.36;9,864,730;698,652,000;coin;1;
25.06.2017;7.67;7.68;6.66;7.08;5,651,070;754,894,000;coin;1;
24.06.2017;8.41;8.56;7.47;7.69;9,579,230;828,315,000;coin;1;
23.06.2017;7.14;8.49;6.90;8.35;8,762,870;702,458,000;coin;1;
22.06.2017;6.99;7.27;6.85;7.12;6,066,790;687,720,000;coin;1;
21.06.2017;7.07;7.67;6.64;6.98;13,564,400;695,668,000;coin;1;
20.06.2017;7.72;7.84;6.86;7.03;13,751,300;759,460,000;coin;1;
19.06.2017;7.45;8.18;7.30;7.70;14,198,200;733,745,000;coin;1;
18.06.2017;7.76;7.85;7.31;7.42;7,625,120;763,324,000;coin;1;
17.06.2017;7.97;7.97;7.63;7.76;8,056,000;784,488,000;coin;1;
16.06.2017;7.97;8.20;7.51;8.09;10,005,000;784,397,000;coin;1;
15.06.2017;8.09;8.40;6.58;7.96;11,399,100;796,567,000;coin;1;
14.06.2017;9.38;10.08;7.64;8.07;18,743,800;922,947,000;coin;1;
13.06.2017;7.40;9.55;7.40;9.46;24,455,300;727,868,000;coin;1;
12.06.2017;8.64;9.61;6.98;7.49;19,884,300;850,720,000;coin;1;
11.06.2017;7.00;9.61;6.46;8.70;40,501,000;688,678,000;coin;1;
10.06.2017;8.60;8.83;6.97;7.11;37,558,500;846,058,000;coin;1;
09.06.2017;9.33;10.54;8.54;8.60;25,801,700;917,966,000;coin;1;
08.06.2017;9.47;9.76;8.89;9.36;17,328,100;931,815,000;coin;1;
07.06.2017;10.45;11.13;8.94;9.39;22,802,600;1,028,700,000;coin;1;
06.06.2017;10.48;11.10;9.87;10.62;24,926,500;1,031,430,000;coin;1;
05.06.2017;10.56;11.26;10.03;10.40;29,752,700;1,039,320,000;coin;1;
04.06.2017;9.02;10.85;8.13;10.48;40,558,300;887,171,000;coin;1;
03.06.2017;8.62;11.68;8.61;9.30;76,687,700;848,350,000;coin;1;
02.06.2017;6.00;9.21;5.85;8.68;61,652,500;590,322,000;coin;1;
01.06.2017;5.20;6.12;5.04;6.00;17,263,800;511,918,000;coin;1;
31.05.2017;6.00;6.39;4.93;5.09;38,378,600;590,175,000;coin;1;
30.05.2017;3.80;5.99;3.76;5.87;29,487,300;374,312,000;coin;1;
29.05.2017;3.12;4.02;3.12;3.76;12,998,700;306,525,000;coin;1;
28.05.2017;2.68;3.21;2.65;3.12;4,152,120;263,636,000;coin;1;
27.05.2017;3.06;3.17;1.97;2.68;5,332,510;300,653,000;coin;1;
26.05.2017;2.67;3.43;2.59;3.03;6,004,290;262,417,000;coin;1;
25.05.2017;3.06;3.50;2.65;2.67;4,621,460;301,142,000;coin;1;
24.05.2017;3.05;3.43;2.85;3.00;11,021,500;300,580,000;coin;1;
23.05.2017;1.96;3.24;1.96;2.99;8,526,840;193,213,000;coin;1;
22.05.2017;2.10;2.10;1.88;1.95;3,365,370;206,311,000;coin;1;
21.05.2017;2.01;2.15;1.87;2.11;5,030,270;198,012,000;coin;1;
20.05.2017;1.66;2.01;1.62;2.01;4,183,780;163,356,000;coin;1;
19.05.2017;1.42;1.75;1.38;1.66;5,798,680;139,905,000;coin;1;
18.05.2017;1.27;1.42;1.24;1.41;2,850,560;124,689,000;coin;1;
17.05.2017;1.23;1.30;1.19;1.26;1,739,460;121,279,000;coin;1;
16.05.2017;1.20;1.26;1.15;1.24;1,680,650;118,259,000;coin;1;
15.05.2017;1.28;1.28;1.18;1.20;836,058;125,557,000;coin;1;
14.05.2017;1.25;1.32;1.24;1.28;981,516;122,761,000;coin;1;
13.05.2017;1.25;1.29;1.18;1.25;857,911;122,735,000;coin;1;
12.05.2017;1.32;1.37;1.23;1.26;1,778,790;129,648,000;coin;1;
11.05.2017;1.26;1.38;1.23;1.32;1,734,260;124,139,000;coin;1;
10.05.2017;1.13;1.37;1.12;1.26;3,290,310;110,803,000;coin;1;
09.05.2017;1.17;1.22;0.968627;1.13;2,338,300;115,221,000;coin;1;
08.05.2017;1.18;1.22;1.10;1.18;2,535,400;116,185,000;coin;1;
07.05.2017;1.21;1.24;1.08;1.18;2,653,790;118,866,000;coin;1;
06.05.2017;1.20;1.26;1.16;1.20;1,746,380;118,496,000;coin;1;
05.05.2017;1.17;1.34;1.14;1.20;4,847,450;114,630,000;coin;1;
04.05.2017;1.05;1.16;0.966136;1.16;3,190,040;102,814,000;coin;1;
03.05.2017;0.817930;1.06;0.767240;1.04;6,462,660;80,459,200;coin;1;
02.05.2017;0.747138;0.820590;0.722066;0.812072;1,425,740;73,494,400;coin;1;
01.05.2017;0.737883;0.812804;0.708030;0.747317;2,046,520;72,583,100;coin;1;
30.04.2017;0.732707;0.765318;0.706671;0.732536;1,610,270;72,073,000;coin;1;
29.04.2017;0.684901;0.729943;0.646585;0.729943;1,296,150;67,369,700;coin;1;
28.04.2017;0.617785;0.705423;0.605542;0.683122;1,383,590;60,767,100;coin;1;
27.04.2017;0.638074;0.643248;0.582553;0.619860;1,012,360;62,761,900;coin;1;
26.04.2017;0.595260;0.658377;0.585844;0.637600;1,092,190;58,549,900;coin;1;
25.04.2017;0.633718;0.635376;0.574855;0.590839;1,074,350;62,331,800;coin;1;
24.04.2017;0.587854;0.635381;0.579851;0.634239;845,139;57,819,900;coin;1;
23.04.2017;0.638919;0.642939;0.585091;0.585091;1,066,710;62,841,800;coin;1;
22.04.2017;0.664770;0.678386;0.581039;0.633149;1,176,330;65,383,500;coin;1;
21.04.2017;0.669078;0.698216;0.648271;0.660851;618,058;65,806,400;coin;1;
20.04.2017;0.681851;0.701159;0.607216;0.667942;1,873,680;67,061,700;coin;1;
19.04.2017;0.700320;0.757260;0.665934;0.681415;2,528,750;68,877,300;coin;1;
18.04.2017;0.673516;0.700032;0.660830;0.700032;1,093,750;66,240,200;coin;1;
17.04.2017;0.675905;0.691317;0.631967;0.669994;1,489,060;66,474,300;coin;1;
16.04.2017;0.677898;0.740796;0.646971;0.676857;3,328,550;66,669,500;coin;1;
15.04.2017;0.608430;0.750817;0.591067;0.678061;5,749,910;59,836,700;coin;1;
14.04.2017;0.538327;0.626694;0.514536;0.610367;4,448,330;52,941,600;coin;1;
13.04.2017;0.420286;0.549180;0.399227;0.542483;2,461,110;41,332,400;coin;1;
12.04.2017;0.417345;0.424775;0.403570;0.419679;414,260;41,042,600;coin;1;
11.04.2017;0.423156;0.433431;0.403996;0.413370;472,155;41,613,500;coin;1;
10.04.2017;0.422399;0.429549;0.374214;0.422815;1,056,040;41,538,600;coin;1;
09.04.2017;0.449177;0.462887;0.418681;0.421928;719,470;44,171,300;coin;1;
08.04.2017;0.451717;0.488530;0.414665;0.448099;1,693,160;44,420,500;coin;1;
07.04.2017;0.451101;0.473411;0.375788;0.427865;1,889,010;44,359,400;coin;1;
06.04.2017;0.419843;0.508891;0.394881;0.452586;3,144,410;41,285,000;coin;1;
05.04.2017;0.388421;0.545997;0.380617;0.416731;7,752,760;38,194,700;coin;1;
04.04.2017;0.357205;0.401183;0.315558;0.385750;3,027,180;35,124,600;coin;1;
03.04.2017;0.275118;0.350436;0.264378;0.341476;1,166,730;27,052,500;coin;1;
02.04.2017;0.252570;0.306730;0.252570;0.276256;1,886,380;24,835,000;coin;1;
01.04.2017;0.199113;0.263652;0.197635;0.246560;889,150;19,578,400;coin;1;
31.03.2017;0.198267;0.207285;0.184126;0.198193;550,593;19,494,900;coin;1;
30.03.2017;0.201440;0.214291;0.186298;0.198118;474,000;19,806,700;coin;1;
29.03.2017;0.179581;0.215974;0.176996;0.203608;546,849;17,657,100;coin;1;
28.03.2017;0.173483;0.191233;0.163761;0.179755;453,196;17,057,300;coin;1;
27.03.2017;0.188156;0.223377;0.168133;0.173743;1,681,390;18,499,800;coin;1;
26.03.2017;0.132338;0.196220;0.132333;0.187084;1,729,470;13,011,500;coin;1;
25.03.2017;0.114690;0.135959;0.112906;0.131945;345,479;11,276,200;coin;1;
24.03.2017;0.131431;0.132655;0.114056;0.114551;217,068;12,922,000;coin;1;
23.03.2017;0.136738;0.138148;0.124152;0.131460;188,451;13,443,600;coin;1;
22.03.2017;0.137352;0.140759;0.115191;0.135158;366,482;13,503,800;coin;1;
21.03.2017;0.126506;0.152415;0.123074;0.137328;776,284;12,437,300;coin;1;
20.03.2017;0.111680;0.130109;0.106935;0.125509;463,863;10,979,500;coin;1;
19.03.2017;0.094221;0.113646;0.090427;0.109800;312,382;9,263,000;coin;1;
18.03.2017;0.101376;0.119749;0.092855;0.094750;537,637;9,966,270;coin;1;
17.03.2017;0.090895;0.107788;0.085303;0.098099;344,795;8,935,720;coin;1;
16.03.2017;0.096028;0.096176;0.086168;0.091484;154,328;9,440,240;coin;1;
15.03.2017;0.099810;0.102132;0.093540;0.095897;102,472;9,811,920;coin;1;
14.03.2017;0.102961;0.105543;0.094243;0.100155;167,912;10,121,600;coin;1;
13.03.2017;0.095199;0.109308;0.091849;0.102315;289,622;9,358,400;coin;1;
12.03.2017;0.082076;0.097836;0.081350;0.092499;200,131;8,068,250;coin;1;
11.03.2017;0.078860;0.088702;0.078860;0.082104;145,609;7,752,020;coin;1;
10.03.2017;0.080935;0.083057;0.073336;0.078365;136,005;7,955,930;coin;1;
09.03.2017;0.078446;0.082267;0.075406;0.080876;46,051;7,711,140;coin;1;
08.03.2017;0.086338;0.089610;0.077563;0.077563;62,746;8,486,820;coin;1;
07.03.2017;0.093447;0.094208;0.084701;0.086668;103,288;9,185,420;coin;1;
06.03.2017;0.097186;0.098573;0.092981;0.093419;47,575;9,552,870;coin;1;
05.03.2017;0.095322;0.099697;0.095069;0.097159;35,312;9,369,480;coin;1;
04.03.2017;0.099793;0.102936;0.093707;0.095387;65,177;9,808,840;coin;1;
03.03.2017;0.099143;0.108012;0.093349;0.099876;345,930;9,744,840;coin;1;
02.03.2017;0.085495;0.102121;0.083405;0.098469;271,066;8,403,250;coin;1;
01.03.2017;0.077824;0.089359;0.076961;0.085343;132,673;7,649,170;coin;1;
28.02.2017;0.078321;0.080205;0.074682;0.077818;33,822;7,697,870;coin;1;
27.02.2017;0.081441;0.081800;0.077976;0.078784;29,629;8,004,480;coin;1;
26.02.2017;0.081604;0.086766;0.076960;0.081541;89,013;8,020,400;coin;1;
25.02.2017;0.075336;0.083010;0.075069;0.081161;75,347;7,404,260;coin;1;
24.02.2017;0.078483;0.079971;0.071332;0.075547;68,828;7,713,450;coin;1;
23.02.2017;0.077133;0.081645;0.076524;0.077983;55,835;7,580,700;coin;1;
22.02.2017;0.079113;0.083434;0.077122;0.077146;68,715;7,775,160;coin;1;
21.02.2017;0.077732;0.081409;0.075002;0.079149;59,798;7,639,330;coin;1;
20.02.2017;0.078213;0.082518;0.078129;0.078187;69,816;7,686,470;coin;1;
19.02.2017;0.075533;0.080745;0.074140;0.078151;40,602;7,423,040;coin;1;
18.02.2017;0.081910;0.083076;0.072867;0.075397;122,520;8,049,640;coin;1;
17.02.2017;0.082282;0.087892;0.081255;0.082092;63,601;8,086,080;coin;1;
16.02.2017;0.086028;0.088020;0.080301;0.082273;93,627;8,454,090;coin;1;
15.02.2017;0.077357;0.088790;0.076366;0.087122;131,445;7,601,910;coin;1;
14.02.2017;0.077011;0.078666;0.073148;0.077312;142,798;7,567,750;coin;1;
13.02.2017;0.081615;0.082192;0.076960;0.076966;77,826;8,020,140;coin;1;
12.02.2017;0.082676;0.082684;0.079895;0.081639;71,479;8,124,220;coin;1;
11.02.2017;0.085904;0.089112;0.078969;0.082252;231,455;8,441,350;coin;1;
10.02.2017;0.088712;0.089549;0.084462;0.085885;52,630;8,717,130;coin;1;
09.02.2017;0.095246;0.097714;0.085348;0.088600;69,367;9,359,060;coin;1;
08.02.2017;0.095849;0.098826;0.093827;0.095119;79,781;9,418,180;coin;1;
07.02.2017;0.095959;0.102484;0.093552;0.096076;89,575;9,428,940;coin;1;
06.02.2017;0.087317;0.096752;0.086319;0.095773;112,679;8,579,590;coin;1;
05.02.2017;0.089350;0.091020;0.084208;0.087231;84,386;8,779,260;coin;1;
04.02.2017;0.096011;0.097377;0.087365;0.088284;110,928;9,433,640;coin;1;
03.02.2017;0.095478;0.096592;0.087990;0.095879;160,805;9,381,150;coin;1;
02.02.2017;0.091754;0.097918;0.089708;0.095510;123,522;9,015,170;coin;1;
01.02.2017;0.090561;0.101060;0.088551;0.090579;236,785;8,897,770;coin;1;
31.01.2017;0.095331;0.102837;0.085576;0.090557;317,006;9,366,320;coin;1;
30.01.2017;0.105612;0.108240;0.092744;0.095316;177,443;10,376,300;coin;1;
29.01.2017;0.099559;0.108755;0.096696;0.105486;206,905;9,781,460;coin;1;
28.01.2017;0.105297;0.125399;0.095795;0.098184;723,195;10,345,100;coin;1;
27.01.2017;0.085806;0.114132;0.084951;0.105177;700,301;8,430,090;coin;1;
26.01.2017;0.081170;0.091128;0.079183;0.085182;246,990;7,974,480;coin;1;
25.01.2017;0.075874;0.081221;0.074892;0.081218;85,150;7,454,070;coin;1;
24.01.2017;0.086112;0.087053;0.074899;0.075847;189,394;8,459,760;coin;1;
23.01.2017;0.076673;0.094364;0.076673;0.087383;457,257;7,532,420;coin;1;
22.01.2017;0.073346;0.077366;0.070477;0.076585;84,029;7,205,440;coin;1;
21.01.2017;0.067719;0.076926;0.067719;0.073326;56,137;6,652,520;coin;1;
20.01.2017;0.072514;0.073279;0.067651;0.067718;68,864;7,123,570;coin;1;
19.01.2017;0.059815;0.077696;0.059104;0.072556;307,059;5,875,980;coin;1;
18.01.2017;0.058965;0.060681;0.055384;0.059331;48,399;5,792,340;coin;1;
17.01.2017;0.060448;0.062535;0.057740;0.058927;78,962;5,937,980;coin;1;
16.01.2017;0.051045;0.060532;0.051031;0.060429;73,450;5,014,180;coin;1;
15.01.2017;0.049431;0.051648;0.049244;0.051008;34,667;4,855,600;coin;1;
14.01.2017;0.050261;0.051908;0.049187;0.049450;32,396;4,937,040;coin;1;
13.01.2017;0.049823;0.052415;0.047920;0.050191;49,029;4,893,950;coin;1;
12.01.2017;0.048437;0.051301;0.046537;0.049916;30,535;4,757,810;coin;1;
11.01.2017;0.056425;0.058835;0.047551;0.048447;40,830;5,542,380;coin;1;
10.01.2017;0.054647;0.058804;0.054299;0.056420;41,411;5,367,670;coin;1;
09.01.2017;0.059551;0.059969;0.053280;0.054677;106,851;5,849,220;coin;1;
08.01.2017;0.063441;0.065208;0.053345;0.059994;86,560;6,231,240;coin;1;
07.01.2017;0.063932;0.064033;0.057462;0.063440;50,383;6,279,410;coin;1;
06.01.2017;0.072944;0.076102;0.061764;0.063573;67,421;7,164,490;coin;1;
05.01.2017;0.082555;0.086548;0.066880;0.072809;78,967;8,108,280;coin;1;
04.01.2017;0.075405;0.084885;0.074238;0.082790;64,675;7,405,970;coin;1;
03.01.2017;0.074296;0.076472;0.070720;0.075422;38,564;7,296,950;coin;1;
02.01.2017;0.074165;0.075801;0.068502;0.074299;64,074;7,283,960;coin;1;
01.01.2017;0.072355;0.075303;0.070218;0.072378;24,800;7,106,110;coin;1;
31.12.2016;0.070964;0.073580;0.067287;0.072431;28,697;6,969,420;coin;1;
30.12.2016;0.069614;0.073764;0.067489;0.070197;30,432;6,836,780;coin;1;
29.12.2016;0.066137;0.070584;0.063911;0.069614;34,638;6,495,200;coin;1;
28.12.2016;0.067865;0.071125;0.065123;0.066182;53,526;6,664,860;coin;1;
27.12.2016;0.067918;0.072046;0.064694;0.067826;64,183;6,669,910;coin;1;
26.12.2016;0.065540;0.068425;0.064243;0.067875;25,071;6,436,290;coin;1;
25.12.2016;0.062540;0.065987;0.059872;0.065548;13,888;6,141,590;coin;1;
24.12.2016;0.065564;0.068000;0.061318;0.062518;20,375;6,438,510;coin;1;
23.12.2016;0.058626;0.069852;0.056611;0.065570;48,217;5,757,140;coin;1;
22.12.2016;0.061452;0.064846;0.057855;0.058648;69,203;6,034,500;coin;1;
21.12.2016;0.067623;0.069040;0.057460;0.061459;116,647;6,640,440;coin;1;
20.12.2016;0.073677;0.073777;0.065764;0.065920;63,415;7,234,790;coin;1;
19.12.2016;0.054998;0.109379;0.053786;0.073720;341,170;5,400,570;coin;1;
18.12.2016;0.057719;0.060099;0.051720;0.055016;23,139;5,667,650;coin;1;
17.12.2016;0.058904;0.060078;0.054209;0.057717;32,640;5,783,930;coin;1;
16.12.2016;0.058504;0.062792;0.055677;0.058697;18,295;5,744,550;coin;1;
15.12.2016;0.066035;0.066361;0.058365;0.058519;15,331;6,483,990;coin;1;
14.12.2016;0.066353;0.068473;0.065039;0.066035;13,611;6,515,120;coin;1;
13.12.2016;0.066636;0.068788;0.065415;0.066440;12,530;6,542,820;coin;1;
12.12.2016;0.062893;0.068878;0.062893;0.068624;14,732;6,175,200;coin;1;
11.12.2016;0.066296;0.066300;0.062784;0.062893;14,964;6,509,250;coin;1;
10.12.2016;0.068799;0.069915;0.064281;0.066287;6,461;6,754,940;coin;1;
09.12.2016;0.062929;0.068779;0.061421;0.068779;27,050;6,178,510;coin;1;
08.12.2016;0.062987;0.067263;0.061103;0.062941;11,228;6,184,110;coin;1;
07.12.2016;0.058462;0.067837;0.058462;0.062988;59,404;5,739,800;coin;1;
06.12.2016;0.066341;0.067899;0.057170;0.058463;42,082;6,513,230;coin;1;
05.12.2016;0.059588;0.069023;0.058035;0.066338;26,501;5,850,190;coin;1;
04.12.2016;0.061692;0.068016;0.057058;0.059561;27,734;6,056,710;coin;1;
03.12.2016;0.051461;0.069365;0.049155;0.061689;22,706;5,052,160;coin;1;
02.12.2016;0.056846;0.059882;0.048134;0.051445;55,365;5,580,780;coin;1;
01.12.2016;0.054846;0.061314;0.054085;0.056788;22,493;5,384,310;coin;1;
30.11.2016;0.059503;0.060661;0.053033;0.054847;40,142;5,841,450;coin;1;
29.11.2016;0.054207;0.062961;0.054123;0.059511;23,552;5,321,500;coin;1;
28.11.2016;0.058130;0.060183;0.053061;0.054205;18,263;5,706,500;coin;1;
27.11.2016;0.062743;0.065576;0.049560;0.058090;37,613;6,159,260;coin;1;
26.11.2016;0.067297;0.067297;0.059345;0.062763;22,037;6,606,270;coin;1;
25.11.2016;0.068107;0.068845;0.064861;0.067294;12,792;6,685,630;coin;1;
24.11.2016;0.065427;0.069716;0.063940;0.068121;19,374;6,422,560;coin;1;
23.11.2016;0.067967;0.068013;0.063006;0.065426;19,202;6,671,740;coin;1;
22.11.2016;0.069342;0.070790;0.059860;0.066165;59,686;6,806,590;coin;1;
21.11.2016;0.075917;0.076939;0.065562;0.069432;64,281;7,451,950;coin;1;
20.11.2016;0.079641;0.088312;0.067347;0.075914;52,089;7,817,400;coin;1;
19.11.2016;0.086440;0.094613;0.064243;0.079627;226,155;8,484,640;coin;1;
18.11.2016;0.084894;0.108019;0.081205;0.086462;93,818;8,332,770;coin;1;
17.11.2016;0.096150;0.096238;0.078355;0.084937;79,322;9,437,560;coin;1;
16.11.2016;0.106690;0.109113;0.074242;0.096157;222,205;10,471,900;coin;1;
15.11.2016;0.105744;0.119433;0.092993;0.106690;212,095;10,378,900;coin;1;
14.11.2016;0.085683;0.112875;0.085412;0.107251;135,816;8,409,800;coin;1;
13.11.2016;0.086051;0.086069;0.083908;0.085690;127,159;8,445,840;coin;1;
12.11.2016;0.087434;0.087524;0.085924;0.086053;127,701;8,581,480;coin;1;
11.11.2016;0.066275;0.093214;0.066275;0.087435;129,763;6,504,630;coin;1;
10.11.2016;0.064760;0.071325;0.064682;0.067969;24,676;6,355,850;coin;1;
09.11.2016;0.069555;0.073167;0.062965;0.064787;77,510;6,826,360;coin;1;
08.11.2016;0.059766;0.076316;0.059766;0.069018;141,259;5,865,600;coin;1;
07.11.2016;0.051963;0.069757;0.051333;0.059499;60,853;5,099,670;coin;1;
06.11.2016;0.052511;0.053348;0.050621;0.052001;9,368;5,153,470;coin;1;
05.11.2016;0.051568;0.053306;0.049877;0.052485;11,692;5,060,840;coin;1;
04.11.2016;0.048739;0.055305;0.047591;0.051577;16,437;4,783,150;coin;1;
03.11.2016;0.054162;0.055480;0.046454;0.048739;27,732;5,315,250;coin;1;
02.11.2016;0.055034;0.056684;0.052377;0.054034;23,891;5,400,730;coin;1;
01.11.2016;0.051521;0.061279;0.050725;0.055675;69,859;5,055,980;coin;1;
31.10.2016;0.052163;0.053720;0.050174;0.051525;16,827;5,118,840;coin;1;
30.10.2016;0.055801;0.055801;0.050531;0.052163;53,043;5,475,790;coin;1;
29.10.2016;0.054590;0.062648;0.051969;0.056596;128,646;5,356,890;coin;1;
28.10.2016;0.051073;0.058702;0.048811;0.054974;104,674;5,011,690;coin;1;
27.10.2016;0.045094;0.051849;0.044375;0.051045;84,386;4,424,980;coin;1;
26.10.2016;0.039474;0.047481;0.039474;0.045100;73,019;3,873,400;coin;1;
25.10.2016;0.039240;0.042082;0.038904;0.039468;23,322;3,850,410;coin;1;
24.10.2016;0.039265;0.040592;0.037878;0.039226;9,212;3,852,850;coin;1;
23.10.2016;0.038182;0.040111;0.037535;0.039260;16,980;3,746,440;coin;1;
22.10.2016;0.037482;0.040215;0.037482;0.038163;50,889;3,677,800;coin;1;
21.10.2016;0.035833;0.037749;0.035397;0.037486;10,909;3,515,880;coin;1;
20.10.2016;0.036894;0.037520;0.035415;0.035840;9,320;3,619,950;coin;1;
19.10.2016;0.035589;0.038309;0.035585;0.036885;28,047;3,491,850;coin;1;
18.10.2016;0.035276;0.037505;0.033850;0.035577;19,354;3,461,150;coin;1;
17.10.2016;0.038440;0.038524;0.034003;0.035226;22,527;3,771,520;coin;1;
16.10.2016;0.037610;0.039016;0.037610;0.038427;15,717;3,690,020;coin;1;
15.10.2016;0.038391;0.040179;0.037017;0.037600;47,180;3,766,580;coin;1;
14.10.2016;0.033425;0.038430;0.033203;0.038391;22,777;3,279,330;coin;1;
13.10.2016;0.035026;0.036879;0.033038;0.033419;9,545;3,436,390;coin;1;
12.10.2016;0.037798;0.039578;0.034998;0.035035;49,766;3,708,240;coin;1;
11.10.2016;0.032194;0.038164;0.031069;0.037798;38,474;3,158,460;coin;1;
10.10.2016;0.030178;0.032944;0.029584;0.032182;18,675;2,960,590;coin;1;
09.10.2016;0.030308;0.033976;0.028456;0.030178;29,882;2,973,380;coin;1;
08.10.2016;0.030651;0.031189;0.028742;0.030303;10,688;3,006,940;coin;1;
07.10.2016;0.028909;0.032492;0.027565;0.030634;18,576;2,836,010;coin;1;
06.10.2016;0.028108;0.029619;0.027624;0.028928;14,752;2,757,410;coin;1;
05.10.2016;0.027893;0.030338;0.027594;0.028109;21,163;2,736,280;coin;1;
04.10.2016;0.031851;0.032369;0.027879;0.027891;36,756;3,124,520;coin;1;
03.10.2016;0.031801;0.032200;0.028137;0.031855;40,970;3,119,550;coin;1;
02.10.2016;0.030894;0.034218;0.030783;0.031769;16,959;3,030,530;coin;1;
01.10.2016;0.029795;0.034331;0.028851;0.031822;27,620;2,922,700;coin;1;
30.09.2016;0.029079;0.030899;0.028479;0.029636;42,890;2,852,400;coin;1;
29.09.2016;0.032453;0.033363;0.028615;0.029073;46,507;3,183,370;coin;1;
28.09.2016;0.034817;0.034827;0.030868;0.032441;25,848;3,415,140;coin;1;
27.09.2016;0.035266;0.036093;0.033364;0.034811;31,590;3,459,240;coin;1;
26.09.2016;0.036109;0.037862;0.034833;0.035266;32,993;3,541,780;coin;1;
25.09.2016;0.038845;0.039994;0.036097;0.036110;41,029;3,810,160;coin;1;
24.09.2016;0.035533;0.040052;0.034995;0.038854;44,925;3,485,190;coin;1;
23.09.2016;0.034460;0.037279;0.034141;0.035526;23,416;3,379,980;coin;1;
22.09.2016;0.034965;0.035763;0.034068;0.034466;7,081;3,429,410;coin;1;
21.09.2016;0.036143;0.036520;0.034140;0.034957;26,079;3,544,910;coin;1;
20.09.2016;0.034051;0.038303;0.034051;0.036401;48,812;3,339,720;coin;1;
19.09.2016;0.037056;0.037067;0.034049;0.034050;29,679;3,634,360;coin;1;
18.09.2016;0.033564;0.037033;0.033278;0.036501;39,581;3,291,830;coin;1;
17.09.2016;0.034539;0.034655;0.030457;0.033547;59,863;3,387,440;coin;1;
16.09.2016;0.038858;0.038858;0.033921;0.034574;57,652;3,810,940;coin;1;
15.09.2016;0.036818;0.040551;0.035347;0.038852;96,254;3,610,900;coin;1;
14.09.2016;0.036929;0.038508;0.034827;0.037704;73,879;3,621,680;coin;1;
13.09.2016;0.034792;0.038141;0.032370;0.036959;78,787;3,412,010;coin;1;
12.09.2016;0.037712;0.038903;0.032017;0.034792;138,431;3,698,340;coin;1;
11.09.2016;0.049149;0.049802;0.036248;0.037784;278,851;4,819,890;coin;1;
10.09.2016;0.030536;0.047915;0.029899;0.047915;210,228;2,994,550;coin;1;
09.09.2016;0.026056;0.031067;0.025896;0.030533;41,130;2,555,210;coin;1;
08.09.2016;0.027652;0.028287;0.025115;0.026794;24,368;2,711,680;coin;1;
07.09.2016;0.024582;0.028025;0.024499;0.027648;45,575;2,410,550;coin;1;
06.09.2016;0.022380;0.025614;0.021904;0.024576;33,508;2,194,620;coin;1;
05.09.2016;0.022131;0.023627;0.021879;0.022383;11,453;2,170,140;coin;1;
04.09.2016;0.023531;0.024157;0.021402;0.022118;26,275;2,307,380;coin;1;
03.09.2016;0.023228;0.023769;0.021618;0.023516;32,279;2,277,710;coin;1;
02.09.2016;0.022095;0.024800;0.021984;0.023228;21,842;2,166,520;coin;1;
01.09.2016;0.021289;0.022687;0.020624;0.022090;16,398;2,087,530;coin;1;
31.08.2016;0.020245;0.022638;0.020113;0.021287;24,222;1,985,060;coin;1;
30.08.2016;0.021179;0.021537;0.020227;0.020241;13,575;2,076,630;coin;1;
29.08.2016;0.021109;0.023414;0.020138;0.021121;37,867;2,069,720;coin;1;
28.08.2016;0.023380;0.025276;0.020146;0.021103;52,311;2,292,440;coin;1;
27.08.2016;0.022749;0.027015;0.021072;0.023835;78,507;2,230,530;coin;1;
26.08.2016;0.018488;0.024320;0.018065;0.021864;50,463;1,812,710;coin;1;
25.08.2016;0.020950;0.021053;0.016875;0.018488;35,593;2,054,090;coin;1;
24.08.2016;0.022228;0.022234;0.020301;0.020950;26,100;2,179,290;coin;1;
23.08.2016;0.021985;0.023075;0.019797;0.022228;117,115;2,155,460;coin;1;
22.08.2016;0.020654;0.023463;0.020379;0.021984;40,105;2,024,960;coin;1;
21.08.2016;0.020540;0.021267;0.019723;0.020555;17,146;2,013,740;coin;1;
20.08.2016;0.020733;0.022651;0.019495;0.020357;36,074;2,032,670;coin;1;
19.08.2016;0.024680;0.024977;0.019231;0.020717;68,362;2,419,540;coin;1;
18.08.2016;0.027360;0.027938;0.020850;0.023990;121,468;2,682,320;coin;1;
17.08.2016;0.028310;0.030283;0.024678;0.027411;153,193;2,775,420;coin;1;
16.08.2016;0.023893;0.031045;0.022763;0.028699;218,752;2,342,370;coin;1;
15.08.2016;0.024023;0.027224;0.019404;0.024511;221,564;2,355,090;coin;1;
14.08.2016;0.014405;0.033588;0.013431;0.023960;603,562;1,412,140;coin;1;
13.08.2016;0.011171;0.016318;0.008483;0.014405;156,217;1,095,050;coin;1;
12.08.2016;0.013826;0.013897;0.009226;0.011175;48,504;-;coin;1;
